tube_id,start_frame,end_frame,start_time_sec,end_time_sec,duration_sec,num_frames,mean_bbox_area_ratio,mean_motion_energy,mean_motion_density,max_motion_density,mean_blob_importance,max_blob_importance,temporal_persistence,motion_peak,motion_variance,trajectory_length,mean_speed,spatial_novelty_mean,scale_score_mean,small_tube_flag,tube_importance,motion_tube_id,source,fallback_reason
12,678,948,22.6226,31.6316,9.009,40,0.0051875,2509.8312,0.236293,0.368295,0.448058,0.685,0.12012,0.368295,0.005081,1104.46,122.5957,0.246786,15.113003,False,0.676786,12,motion_fallback_tube,detector_miss_not_overlapping_track
20,1056,1284,35.2352,42.8428,7.6076,25,0.0056,1742.6324,0.183679,0.303569,0.370954,0.696141,0.075075,0.303569,0.003796,1044.73,137.3266,0.373615,17.262314,False,0.621679,20,motion_fallback_tube,detector_miss_not_overlapping_track
24,1314,1710,43.8438,57.057,13.2132,53,0.01070755,3372.5975,0.176617,0.3287,0.235764,0.775,0.159159,0.3287,0.002938,1816.03,137.4409,0.21879,12.87359,False,0.613283,24,motion_fallback_tube,detector_miss_not_overlapping_track
25,1368,1482,45.6456,49.4494,3.8038,17,0.00632353,2215.258,0.202714,0.363293,0.275874,0.749029,0.051051,0.363293,0.007235,520.29,136.7818,0.256006,15.498767,False,0.612504,25,motion_fallback_tube,detector_miss_not_overlapping_track
34,1698,1716,56.6566,57.2572,0.6006,3,0.00416667,1325.7253,0.147963,0.189479,0.492569,0.775,0.009009,0.189479,0.000891,99.72,166.0417,0.383507,16.092482,False,0.520794,34,motion_fallback_tube,detector_miss_not_overlapping_track
